<?xml version="1.0" encoding="UTF-8"?>

<!--
  This is an appropriate place for user modifications to the web.xml.  
  Entries from this file will be combined with the default WaveMaker web.xml;
  the order is not guaranteed.

  Content changes must go between the two tags below.
-->
<web-app xmlns="http://java.sun.com/xml/ns/j2ee"
        xmlns:xsi="http://www.w3.org/2001/XMLSchema-instance"
        xsi:schemaLocation="http://java.sun.com/xml/ns/j2ee http://java.sun.com/xml/ns/j2ee/web-app_2_4.xsd"
        version="2.4">
    <display-name>Project Name</display-name>

    <welcome-file-list>
        <welcome-file>index.html</welcome-file>
    </welcome-file-list>
    <session-config>
	<session-timeout>10</session-timeout>
    </session-config>
</web-app>
