<!DOCTYPE hibernate-mapping PUBLIC "-//Hibernate/Hibernate Mapping DTD 3.0//EN" "http://hibernate.sourceforge.net/hibernate-mapping-3.0.dtd">
<hibernate-mapping>
    <class name="com.LMS.data.HR_LEAVE_REQ" table="HR_LEAVE_REQ" dynamic-insert="false" dynamic-update="false">
        <id name="LEAVEREQID" type="big_integer">
            <column name="LEAVEREQID"/>
            <generator class="identity"/>
        </id>
        <property name="STARTDATE" type="date">
            <column name="STARTDATE"/>
        </property>
        <property name="FINISHDATE" type="date">
            <column name="FINISHDATE"/>
        </property>
        <property name="CONTACTADDRESS" type="string">
            <column name="CONTACTADDRESS"/>
        </property>
        <property name="MEMO" type="string">
            <column name="MEMO"/>
        </property>
        <property name="ISAPPROVE" type="boolean">
            <column name="ISAPPROVE"/>
        </property>
        <property name="CREATEBYID" type="integer">
            <column name="CREATEBYID"/>
        </property>
        <property name="CREATETS" type="timestamp">
            <column name="CREATETS"/>
        </property>
        <property name="MODIFYBYID" type="integer">
            <column name="MODIFYBYID"/>
        </property>
        <property name="MODIFYTS" type="timestamp">
            <column name="MODIFYTS"/>
        </property>
        <property name="TOTALLEAVEDAY" type="integer">
            <column name="TOTALLEAVEDAY"/>
        </property>
        <property name="LEAVER_PIM02" type="integer">
            <column name="LEAVER_PIM02"/>
        </property>
        <many-to-one name="REL_LEAVETYPE" class="com.LMS.data.R_LEAVETYPE" cascade="none">
            <column name="LEAVETYPEID"/>
        </many-to-one>
        <many-to-one name="REL_LEAVETIMETYPE" class="com.LMS.data.R_LEAVETIMETYPE" cascade="none">
            <column name="LEAVETIMETYPEID"/>
        </many-to-one>
        <many-to-one name="REL_LEAVEREQSTATUS" class="com.LMS.data.HR_LEAVE_REQ_STATUS" cascade="none">
            <column name="LEAVEREQSTATUSID"/>
        </many-to-one>
        <many-to-one name="REL_LEAVER_PIM01" class="com.LMS.data.PIM_01_GENERAL" cascade="none">
            <column name="LEAVER_PIM01"/>
        </many-to-one>
        <many-to-one name="REL_APPROVER_PIM01" class="com.LMS.data.PIM_01_GENERAL" cascade="none">
            <column name="APPROVER_PIM01"/>
        </many-to-one>
    </class>
</hibernate-mapping>