<!DOCTYPE hibernate-mapping PUBLIC "-//Hibernate/Hibernate Mapping DTD 3.0//EN" "http://hibernate.sourceforge.net/hibernate-mapping-3.0.dtd">
<hibernate-mapping>
    <class name="com.LMS.data.LMS_ITS" table="LMS_ITS" dynamic-insert="false" dynamic-update="false">
        <id name="ITSID" type="integer">
            <column name="ITSID"/>
            <generator class="identity"/>
        </id>
        <property name="FIRSTNAME" type="string">
            <column name="FIRSTNAME" length="60"/>
        </property>
        <property name="LASTNAME" type="string">
            <column name="LASTNAME" length="60"/>
        </property>
        <property name="SEX" type="string">
            <column name="SEX" length="1"/>
        </property>
        <property name="BIRTHDATE" type="date">
            <column name="BIRTHDATE"/>
        </property>
        <property name="CITIZEN_ID" type="string">
            <column name="CITIZEN_ID" length="13"/>
        </property>
        <property name="ADDRESS" type="string">
            <column name="ADDRESS"/>
        </property>
        <property name="TELEPHONENO" type="string">
            <column name="TELEPHONENO" length="60"/>
        </property>
        <property name="EMAIL" type="string">
            <column name="EMAIL" length="60"/>
        </property>
        <property name="REGIST_DATE" type="date">
            <column name="REGIST_DATE"/>
        </property>
        <property name="STARTDATE" type="date">
            <column name="STARTDATE"/>
        </property>
        <property name="FINISHDATE" type="date">
            <column name="FINISHDATE"/>
        </property>
        <property name="ABILITY" type="string">
            <column name="ABILITY" length="100"/>
        </property>
        <property name="MEMO" type="string">
            <column name="MEMO"/>
        </property>
        <property name="CONTACTPERSON" type="string">
            <column name="CONTACTPERSON" length="100"/>
        </property>
        <property name="CONTACTPERSON_DETAILS" type="string">
            <column name="CONTACTPERSON_DETAILS"/>
        </property>
        <property name="CREATEBYID" type="integer">
            <column name="CREATEBYID"/>
        </property>
        <property name="CREATETS" type="timestamp">
            <column name="CREATETS"/>
        </property>
        <property name="MODIFYBYID" type="integer">
            <column name="MODIFYBYID"/>
        </property>
        <property name="MODIFYTS" type="timestamp">
            <column name="MODIFYTS"/>
        </property>
        <property name="ISACTIVE" type="boolean">
            <column name="ISACTIVE"/>
        </property>
        <many-to-one name="REL_TITLENAME" class="com.LMS.data.R_INITIALNAME" cascade="none">
            <column name="TITLENAME_ID"/>
        </many-to-one>
        <many-to-one name="REL_ACADEMIC" class="com.LMS.data.R_EDUCATIONSCHOOL" cascade="none">
            <column name="ACEDEMIC_ID"/>
        </many-to-one>
        <many-to-one name="REL_MAJOR" class="com.LMS.data.R_EDUCATIONMAJOR" cascade="none">
            <column name="FACULTY_ID"/>
        </many-to-one>
        <many-to-one name="REL_ITS_STATUS" class="com.LMS.data.LMS_ITS_STATUS" cascade="none">
            <column name="INTERNSHIPSTATUSID"/>
        </many-to-one>
        <many-to-one name="REL_EDU_LEVEL" class="com.LMS.data.R_EDUCATIONLEVEL" cascade="none">
            <column name="EDUCATION_LEVEL_ID"/>
        </many-to-one>
    </class>
</hibernate-mapping>