<!DOCTYPE hibernate-mapping PUBLIC "-//Hibernate/Hibernate Mapping DTD 3.0//EN" "http://hibernate.sourceforge.net/hibernate-mapping-3.0.dtd">
<hibernate-mapping>
    <class name="com.LMS.data.LMS_BASIC_DOC" table="LMS_BASIC_DOC" dynamic-insert="false" dynamic-update="false">
        <id name="DOCID" type="integer">
            <column name="DOCID"/>
            <generator class="identity"/>
        </id>
        <property name="TITLE" type="string">
            <column name="TITLE" length="60" not-null="true"/>
        </property>
        <property name="OTHERDETAILS" type="string">
            <column name="OTHERDETAILS"/>
        </property>
        <property name="FILESIZE" type="big_integer">
            <column name="FILESIZE"/>
        </property>
        <property name="FILEPATH" type="string">
            <column name="FILEPATH"/>
        </property>
        <property name="OWNERID" type="string">
            <column name="OWNERID"/>
        </property>
        <property name="CREATEBYID" type="integer">
            <column name="CREATEBYID"/>
        </property>
        <property name="CREATETS" type="timestamp">
            <column name="CREATETS"/>
        </property>
        <property name="LASTMODIFYBYID" type="integer">
            <column name="LASTMODIFYBYID"/>
        </property>
        <property name="LASTMODIFYTS" type="timestamp">
            <column name="LASTMODIFYTS"/>
        </property>
        <property name="DOCNO" type="string">
            <column name="DOCNO"/>
        </property>
        <property name="DOCDATE" type="date">
            <column name="DOCDATE"/>
        </property>
        <property name="ISACTIVE" type="boolean">
            <column name="ISACTIVE" not-null="true"/>
        </property>
        <property name="FILENAME" type="string">
            <column name="FILENAME" not-null="true"/>
        </property>
        <property name="FILEEXT" type="string">
            <column name="FILEEXT" length="10"/>
        </property>
        <many-to-one name="rel_DOCTYPE" class="com.LMS.data.LMS_BASIC_DOC_TYPE" cascade="none">
            <column name="DOCTYPEID"/>
        </many-to-one>
        <many-to-one name="rel_DOCSTATUS" class="com.LMS.data.LMS_BASIC_DOC_STATUS" cascade="none">
            <column name="DOCSTATUSID"/>
        </many-to-one>
    </class>
</hibernate-mapping>