<!DOCTYPE hibernate-mapping PUBLIC "-//Hibernate/Hibernate Mapping DTD 3.0//EN" "http://hibernate.sourceforge.net/hibernate-mapping-3.0.dtd">
<hibernate-mapping>
    <class name="com.LMS.data.LMS_BASIC_USER" table="LMS_BASIC_USER" dynamic-insert="false" dynamic-update="false">
        <id name="USERID" type="integer">
            <column name="USERID"/>
            <generator class="identity"/>
        </id>
        <property name="USERNAME" type="string">
            <column name="USERNAME" length="10" not-null="true"/>
        </property>
        <property name="TENANTID" type="integer">
            <column name="TENANTID" not-null="true"/>
        </property>
        <property name="ROLECODE" type="string">
            <column name="ROLECODE" length="10" not-null="true"/>
        </property>
        <property name="ISACTIVE" type="boolean">
            <column name="ISACTIVE" not-null="true"/>
        </property>
        <property name="EMPLOYEENO" type="integer">
            <column name="EMPLOYEENO"/>
        </property>
        <property name="CREATEBYID" type="integer">
            <column name="CREATEBYID"/>
        </property>
        <property name="CREATETS" type="timestamp">
            <column name="CREATETS"/>
        </property>
        <property name="FOREGETPASSWORDNO" type="integer">
            <column name="FOREGETPASSWORDNO"/>
        </property>
        <property name="MODIFYBYID" type="integer">
            <column name="MODIFYBYID"/>
        </property>
        <property name="MODIFYTS" type="timestamp">
            <column name="MODIFYTS"/>
        </property>
        <property name="PASSWORD" type="string">
            <column name="PASSWORD" length="40" not-null="true"/>
        </property>
        <property name="EMAIL" type="string">
            <column name="EMAIL" length="40" not-null="true"/>
        </property>
        <many-to-one name="rel" class="com.LMS.data.LMS_BASIC_ROLE" cascade="none">
            <column name="ROLEID" not-null="true"/>
        </many-to-one>
    </class>
</hibernate-mapping>