<!DOCTYPE hibernate-mapping PUBLIC "-//Hibernate/Hibernate Mapping DTD 3.0//EN" "http://hibernate.sourceforge.net/hibernate-mapping-3.0.dtd">
<hibernate-mapping>
    <class name="com.LMS.data.LMS_PLAN" table="LMS_PLAN" dynamic-insert="false" dynamic-update="false">
        <id name="PLANID" type="integer">
            <column name="PLANID"/>
            <generator class="identity"/>
        </id>
        <property name="YEAROFPLAN" type="integer">
            <column name="YEAROFPLAN"/>
        </property>
        <property name="PLANTITLE" type="string">
            <column name="PLANTITLE"/>
        </property>
        <property name="APPROVEDBYID" type="integer">
            <column name="APPROVEDBYID"/>
        </property>
        <property name="APPROVEDTS" type="timestamp">
            <column name="APPROVEDTS"/>
        </property>
        <property name="CREATEBYID" type="integer">
            <column name="CREATEBYID"/>
        </property>
        <property name="CREATETS" type="timestamp">
            <column name="CREATETS"/>
        </property>
        <property name="MODIFYBYID" type="integer">
            <column name="MODIFYBYID"/>
        </property>
        <property name="MODIFYTS" type="timestamp">
            <column name="MODIFYTS"/>
        </property>
        <property name="MEMO" type="text">
            <column name="MEMO"/>
        </property>
        <property name="ISACTIVE" type="boolean">
            <column name="ISACTIVE"/>
        </property>
        <many-to-one name="REL_PLAN_STATUS" class="com.LMS.data.LMS_PLAN_STATUS" cascade="none">
            <column name="PLANSTATUSID"/>
        </many-to-one>
        <many-to-one name="REL_PLAN_TYPE" class="com.LMS.data.LMS_PLAN_TYPE" cascade="none">
            <column name="PLANTYPEID"/>
        </many-to-one>
        <set name="REL_PLAN_DOC" inverse="true">
            <key>
                <column name="PLANID"/>
            </key>
            <one-to-many class="com.LMS.data.LMS_PLAN_DOC"/>
        </set>
    </class>
</hibernate-mapping>