<!DOCTYPE hibernate-mapping PUBLIC "-//Hibernate/Hibernate Mapping DTD 3.0//EN" "http://hibernate.sourceforge.net/hibernate-mapping-3.0.dtd">
<hibernate-mapping>
    <class name="com.LMS.data.LMS_PLAN_TYPE" table="LMS_PLAN_TYPE" dynamic-insert="false" dynamic-update="false">
        <id name="PLANTYPEID" type="integer">
            <column name="PLANTYPEID"/>
            <generator class="identity"/>
        </id>
        <property name="PLANTYPENAME" type="string">
            <column name="PLANTYPENAME"/>
        </property>
        <property name="DESC" type="string">
            <column name="DESC"/>
        </property>
        <set name="lms_plans" inverse="true">
            <key>
                <column name="PLANTYPEID"/>
            </key>
            <one-to-many class="com.LMS.data.LMS_PLAN"/>
        </set>
    </class>
</hibernate-mapping>