<!DOCTYPE hibernate-mapping PUBLIC "-//Hibernate/Hibernate Mapping DTD 3.0//EN" "http://hibernate.sourceforge.net/hibernate-mapping-3.0.dtd">
<hibernate-mapping>
    <class name="com.LMS.data.LMS_PLAN_DOC" table="LMS_PLAN_DOC" dynamic-insert="false" dynamic-update="false">
        <id name="DOCID" type="integer">
            <column name="DOCID"/>
            <generator class="identity"/>
        </id>
        <property name="FILENAME" type="string">
            <column name="FILENAME" length="60"/>
        </property>
        <property name="FILETYPE" type="string">
            <column name="FILETYPE" length="20"/>
        </property>
        <property name="FILESIZE" type="integer">
            <column name="FILESIZE"/>
        </property>
        <property name="CREATEBYID" type="integer">
            <column name="CREATEBYID"/>
        </property>
        <property name="CREATETS" type="timestamp">
            <column name="CREATETS"/>
        </property>
        <property name="MODIFYBYID" type="integer">
            <column name="MODIFYBYID"/>
        </property>
        <property name="MODIFYTS" type="timestamp">
            <column name="MODIFYTS"/>
        </property>
        <property name="NUMBEROFDOWNLOAD" type="integer">
            <column name="NUMBEROFDOWNLOAD"/>
        </property>
        <property name="FILEPATH" type="string">
            <column name="FILEPATH"/>
        </property>
        <many-to-one name="REL_DOC_STATUS" class="com.LMS.data.LMS_BASIC_DOC_STATUS" cascade="none">
            <column name="FILESTATUSID"/>
        </many-to-one>
        <many-to-one name="REL_DOC_PLAN" class="com.LMS.data.LMS_PLAN" cascade="none">
            <column name="PLANID"/>
        </many-to-one>
    </class>
</hibernate-mapping>