<!DOCTYPE hibernate-mapping PUBLIC "-//Hibernate/Hibernate Mapping DTD 3.0//EN" "http://hibernate.sourceforge.net/hibernate-mapping-3.0.dtd">
<hibernate-mapping>
    <class name="com.LMS.data.PMS_PROJECT_MEMBER_TASK" table="PMS_PROJECT_MEMBER_TASK" dynamic-insert="false" dynamic-update="false">
        <id name="MEMBER_TASK_ID" type="integer">
            <column name="MEMBER_TASK_ID"/>
            <generator class="identity"/>
        </id>
        <property name="PROGRESS" type="integer">
            <column name="PROGRESS"/>
        </property>
        <property name="STARTDATE" type="date">
            <column name="STARTDATE"/>
        </property>
        <property name="FINISHDATE" type="date">
            <column name="FINISHDATE"/>
        </property>
        <property name="CREATEBYID" type="integer">
            <column name="CREATEBYID"/>
        </property>
        <property name="CREATETS" type="timestamp">
            <column name="CREATETS"/>
        </property>
        <property name="MODIFYBYID" type="integer">
            <column name="MODIFYBYID"/>
        </property>
        <property name="MODIFYTS" type="timestamp">
            <column name="MODIFYTS"/>
        </property>
        <property name="ISACTIVE" type="boolean">
            <column name="ISACTIVE"/>
        </property>
        <many-to-one name="REL_TASKID" class="com.LMS.data.PMS_TASK" cascade="none">
            <column name="TASKID" not-null="true"/>
        </many-to-one>
        <many-to-one name="REL_TASK_STATUS" class="com.LMS.data.PMS_TASK_STATUS" cascade="none">
            <column name="TASK_STATUS_ID"/>
        </many-to-one>
        <many-to-one name="REL_PROJ_MEMBER_ID" class="com.LMS.data.PMS_PROJECT_MEMBER" cascade="none">
            <column name="PROJECT_MEMBER_ID" not-null="true"/>
        </many-to-one>
    </class>
</hibernate-mapping>