<!DOCTYPE hibernate-mapping PUBLIC "-//Hibernate/Hibernate Mapping DTD 3.0//EN" "http://hibernate.sourceforge.net/hibernate-mapping-3.0.dtd">
<hibernate-mapping>
    <class name="com.LMS.data.PMS_PROJECT_MEMBER_STATUS" table="PMS_PROJECT_MEMBER_STATUS" dynamic-insert="false" dynamic-update="false">
        <id name="PMS_MEMBER_STATUS_ID" type="integer">
            <column name="PMS_MEMBER_STATUS_ID"/>
            <generator class="identity"/>
        </id>
        <property name="MEMBER_STATUS_NAME" type="string">
            <column name="MEMBER_STATUS_NAME" length="30" not-null="true"/>
        </property>
        <property name="DESC" type="string">
            <column name="DESC"/>
        </property>
        <set name="pms_project_members" inverse="true">
            <key>
                <column name="PROJ_MEMBER_STATUS_ID"/>
            </key>
            <one-to-many class="com.LMS.data.PMS_PROJECT_MEMBER"/>
        </set>
    </class>
</hibernate-mapping>