<!DOCTYPE hibernate-mapping PUBLIC "-//Hibernate/Hibernate Mapping DTD 3.0//EN" "http://hibernate.sourceforge.net/hibernate-mapping-3.0.dtd">
<hibernate-mapping>
    <class name="com.LMS.data.PMS_PROJECT_MEMBER" table="PMS_PROJECT_MEMBER" dynamic-insert="false" dynamic-update="false">
        <id name="PJ_MEMBER_ID" type="integer">
            <column name="PJ_MEMBER_ID"/>
            <generator class="identity"/>
        </id>
        <property name="EMP_ID" type="integer">
            <column name="EMP_ID" not-null="true"/>
        </property>
        <property name="JOINTS" type="timestamp">
            <column name="JOINTS"/>
        </property>
        <property name="DISJOINTS" type="timestamp">
            <column name="DISJOINTS"/>
        </property>
        <property name="CREATEBYID" type="integer">
            <column name="CREATEBYID"/>
        </property>
        <property name="CREATETS" type="timestamp">
            <column name="CREATETS"/>
        </property>
        <property name="MODIFYBYID" type="integer">
            <column name="MODIFYBYID"/>
        </property>
        <property name="MODIFYTS" type="timestamp">
            <column name="MODIFYTS"/>
        </property>
        <property name="ISACTIVE" type="boolean">
            <column name="ISACTIVE"/>
        </property>
        <property name="COST_MANDAY" type="currency">
            <column name="COST_MANDAY" precision="2"/>
        </property>
        <property name="NOTE" type="string">
            <column name="NOTE"/>
        </property>
        <property name="PROJECTROLE" type="string">
            <column name="PROJECTROLE" length="10"/>
        </property>
        <many-to-one name="REL_PMS_MEMBER_STATUS" class="com.LMS.data.PMS_PROJECT_MEMBER_STATUS" cascade="none">
            <column name="PROJ_MEMBER_STATUS_ID"/>
        </many-to-one>
        <many-to-one name="REL_PROJECT_POS" class="com.LMS.data.PMS_PROJECT_MEMBER_POSITION" cascade="none">
            <column name="PROJECT_POSITION_ID"/>
        </many-to-one>
        <many-to-one name="REL_PROJECT" class="com.LMS.data.PMS_PROJECT" cascade="none">
            <column name="PROJECTID" not-null="true"/>
        </many-to-one>
        <set name="pms_project_member_tasks" inverse="true">
            <key>
                <column name="PROJECT_MEMBER_ID" not-null="true"/>
            </key>
            <one-to-many class="com.LMS.data.PMS_PROJECT_MEMBER_TASK"/>
        </set>
    </class>
</hibernate-mapping>