<!DOCTYPE hibernate-mapping PUBLIC "-//Hibernate/Hibernate Mapping DTD 3.0//EN" "http://hibernate.sourceforge.net/hibernate-mapping-3.0.dtd">
<hibernate-mapping>
    <class name="com.LMS.data.R_ATTACHMENT_GROUP" table="R_ATTACHMENT_GROUP" dynamic-insert="false" dynamic-update="false">
        <id name="ATTACHMENT_GROUP_ID" type="integer">
            <column name="ATTACHMENT_GROUP_ID"/>
            <generator class="identity"/>
        </id>
        <property name="GROUPNAME" type="string">
            <column name="GROUPNAME" length="40"/>
        </property>
        <property name="DESC" type="string">
            <column name="DESC"/>
        </property>
        <set name="pms_project_attachments" inverse="true">
            <key>
                <column name="ATTACHMENT_GROUP_ID"/>
            </key>
            <one-to-many class="com.LMS.data.PMS_PROJECT_ATTACHMENT"/>
        </set>
        <set name="pms_task_attachments" inverse="true">
            <key>
                <column name="ATTACHMENT_GROUP_ID"/>
            </key>
            <one-to-many class="com.LMS.data.PMS_TASK_ATTACHMENT"/>
        </set>
    </class>
</hibernate-mapping>