<!DOCTYPE hibernate-mapping PUBLIC "-//Hibernate/Hibernate Mapping DTD 3.0//EN" "http://hibernate.sourceforge.net/hibernate-mapping-3.0.dtd">
<hibernate-mapping>
    <class name="com.LMS.data.R_EDUCATIONLEVEL" table="R_EDUCATIONLEVEL" dynamic-insert="false" dynamic-update="false">
        <id name="EDUCATIONLEVELID" type="integer">
            <column name="EDUCATIONLEVELID"/>
            <generator class="identity"/>
        </id>
        <property name="NAME" type="string">
            <column name="NAME" length="128"/>
        </property>
        <set name="lms_itss" inverse="true">
            <key>
                <column name="EDUCATION_LEVEL_ID"/>
            </key>
            <one-to-many class="com.LMS.data.LMS_ITS"/>
        </set>
        <set name="lms_its_reqs" inverse="true">
            <key>
                <column name="EDUCATION_LEVEL_ID"/>
            </key>
            <one-to-many class="com.LMS.data.LMS_ITS_REQ"/>
        </set>
    </class>
</hibernate-mapping>