<!DOCTYPE hibernate-mapping PUBLIC "-//Hibernate/Hibernate Mapping DTD 3.0//EN" "http://hibernate.sourceforge.net/hibernate-mapping-3.0.dtd">
<hibernate-mapping>
    <class name="com.LMS.data.R_EDUCATIONSCHOOL" table="R_EDUCATIONSCHOOL" dynamic-insert="false" dynamic-update="false">
        <id name="EDUCATIONSCHOOLID" type="integer">
            <column name="EDUCATIONSCHOOLID"/>
            <generator class="identity"/>
        </id>
        <property name="NAME" type="string">
            <column name="NAME"/>
        </property>
        <set name="lms_itss" inverse="true">
            <key>
                <column name="ACEDEMIC_ID"/>
            </key>
            <one-to-many class="com.LMS.data.LMS_ITS"/>
        </set>
    </class>
</hibernate-mapping>