<!DOCTYPE hibernate-mapping PUBLIC "-//Hibernate/Hibernate Mapping DTD 3.0//EN" "http://hibernate.sourceforge.net/hibernate-mapping-3.0.dtd">
<hibernate-mapping>
    <class name="com.LMS.data.R_LEAVETIMETYPE" table="R_LEAVETIMETYPE" dynamic-insert="false" dynamic-update="false">
        <id name="LEAVETIMETYPEID" type="integer">
            <column name="LEAVETIMETYPEID"/>
            <generator class="identity"/>
        </id>
        <property name="NAME" type="string">
            <column name="NAME" length="128"/>
        </property>
        <set name="hr_leave_reqs" inverse="true">
            <key>
                <column name="LEAVETIMETYPEID"/>
            </key>
            <one-to-many class="com.LMS.data.HR_LEAVE_REQ"/>
        </set>
    </class>
</hibernate-mapping>