<!DOCTYPE hibernate-mapping PUBLIC "-//Hibernate/Hibernate Mapping DTD 3.0//EN" "http://hibernate.sourceforge.net/hibernate-mapping-3.0.dtd">
<hibernate-mapping>
    <class name="com.LMS.data.R_PERSONALSTATUS" table="R_PERSONALSTATUS" dynamic-insert="false" dynamic-update="false">
        <id name="PERSONALSTATUSID" type="integer">
            <column name="PERSONALSTATUSID"/>
            <generator class="identity"/>
        </id>
        <property name="NAME" type="string">
            <column name="NAME" length="32"/>
        </property>
        <set name="pim_01_generals" inverse="true">
            <key>
                <column name="PERSONALSTATUSID"/>
            </key>
            <one-to-many class="com.LMS.data.PIM_01_GENERAL"/>
        </set>
    </class>
</hibernate-mapping>