<!DOCTYPE hibernate-mapping PUBLIC "-//Hibernate/Hibernate Mapping DTD 3.0//EN" "http://hibernate.sourceforge.net/hibernate-mapping-3.0.dtd">
<hibernate-mapping>
    <class name="com.LMS.data.R_POSITION_TYPE" table="R_POSITION_TYPE" dynamic-insert="false" dynamic-update="false">
        <id name="POSITION_TYPE_ID" type="integer">
            <column name="POSITION_TYPE_ID"/>
            <generator class="identity"/>
        </id>
        <property name="NAME" type="string">
            <column name="NAME"/>
        </property>
        <property name="ORDERSOURCE" type="string">
            <column name="ORDERSOURCE"/>
        </property>
        <property name="ORDERDATE" type="date">
            <column name="ORDERDATE"/>
        </property>
        <property name="ORDERNO" type="string">
            <column name="ORDERNO"/>
        </property>
        <property name="EFFECTIVEDATE" type="date">
            <column name="EFFECTIVEDATE"/>
        </property>
        <property name="CANCELDATE" type="date">
            <column name="CANCELDATE"/>
        </property>
        <property name="MEMO" type="string">
            <column name="MEMO" length="1024"/>
        </property>
        <property name="CREATEBYID" type="integer">
            <column name="CREATEBYID"/>
        </property>
        <property name="CREATETS" type="timestamp">
            <column name="CREATETS"/>
        </property>
        <property name="MODIFYBYID" type="integer">
            <column name="MODIFYBYID"/>
        </property>
        <property name="MODIFYTS" type="timestamp">
            <column name="MODIFYTS"/>
        </property>
        <many-to-one name="REL_POSITION_TYPE_STATUS" class="com.LMS.data.R_POSITION_TYPE_STATUS" cascade="none">
            <column name="POSITION_TYPE_STAT_ID"/>
        </many-to-one>
        <set name="r_levels" inverse="true">
            <key>
                <column name="POSITION_TYPE_ID"/>
            </key>
            <one-to-many class="com.LMS.data.R_LEVEL"/>
        </set>
        <set name="position_chairs" inverse="true">
            <key>
                <column name="POSITION_TYPE_ID"/>
            </key>
            <one-to-many class="com.LMS.data.POSITION_CHAIR"/>
        </set>
    </class>
</hibernate-mapping>